,Train Loss,Validation Loss
1,24.3815187138723,27.138275100495004
