,Train Loss,Validation Loss
1,25.990715644008798,25.074187356642856
