,Train Loss,Validation Loss
1,28.540899872056844,26.317481824492678
