,Train Loss,Validation Loss
1,25.00976677586038,23.257087915549945
