,Train Loss,Validation Loss
1,37.105300651286065,26.315373502786038
