,Train Loss,Validation Loss
1,7.103563112110365,13.781192884902762
