,Train Loss,Validation Loss
1,7.337530012885346,13.334913745673015
