,Train Loss,Validation Loss
1,26.38818170032238,23.48559215330367
