,Train Loss,Validation Loss
1,25.64884382029806,25.489843286600557
