,Train Loss,Validation Loss
1,23.954668217690784,26.91477059591845
