,Train Loss,Validation Loss
1,29.5260845518246,23.44489634010434
