,Train Loss,Validation Loss
1,34.66883511052463,31.185061468133295
